{
  "$schema": "https://developer.microsoft.com/json-schemas/spfx-build/package-solution.schema.json",
  "solution": {
    "name": "rcl-graph-auth-client-side-solution",
    "id": "0ccb8789-d0a9-4099-99e4-1621eb5d6bef",
    "version": "1.0.0.0",
    "includeClientSideAssets": true,
    "skipFeatureDeployment": true,
    "isDomainIsolated": false,
    "developer": {
      "name": "",
      "websiteUrl": "",
      "privacyUrl": "",
      "termsOfUseUrl": "",
      "mpnId": "Undefined-1.17.4"
    },
    "metadata": {
      "shortDescription": {
        "default": "rcl-graph-auth description"
      },
      "longDescription": {
        "default": "rcl-graph-auth description"
      },
      "screenshotPaths": [],
      "videoUrl": "",
      "categories": []
    },
    "features": [
      {
        "title": "rcl-graph-auth Feature",
        "description": "The feature that activates elements of the rcl-graph-auth solution.",
        "id": "e54ddc44-ee0d-4e20-9de1-c840d365bd07",
        "version": "1.0.0.0"
      }
    ],
    "webApiPermissionRequests": [
      {
        "resource": "Microsoft Graph",
        "scope": "User.ReadBasic.All"
      }
    ]
  },
  "paths": {
    "zippedPackage": "solution/rcl-graph-auth.sppkg"
  }
}
