{
  "@microsoft/generator-sharepoint": {
    "plusBeta": false,
    "isCreatingSolution": true,
    "nodeVersion": "16.13.0",
    "sdksVersions": {
      "@microsoft/microsoft-graph-client": "3.0.2",
      "@microsoft/teams-js": "2.9.1"
    },
    "version": "1.17.4",
    "libraryName": "rcl-graph-auth",
    "libraryId": "0ccb8789-d0a9-4099-99e4-1621eb5d6bef",
    "environment": "spo",
    "packageManager": "npm",
    "solutionName": "rcl-graph-auth",
    "solutionShortDescription": "rcl-graph-auth description",
    "skipFeatureDeployment": true,
    "isDomainIsolated": false,
    "componentType": "webpart"
  }
}
